"","id","time","p","phase","pre_perf","perf","event_start"
"1",1,1,0,"pre",2.77459602009227,3.77459602009227,5
"2",1,2,0,"pre",2.93920575973186,4.93920575973186,5
"3",1,3,0,"pre",2.91892668304637,5.91892668304637,5
"4",1,4,0,"pre",3.20303667551182,7.20303667551182,5
"5",1,5,0,"pre",3.00520520418404,8.00520520418404,5
"6",1,6,0,"post",2.77006189420167,8.77006189420167,5
"7",1,7,0,"post",2.75860352382956,9.75860352382956,5
"8",1,8,0,"post",2.77837883796107,10.7783788379611,5
"9",1,9,0,"post",2.88211087314811,11.8821108731481,5
"10",1,10,0,"post",3.21112701774316,13.2111270177432,5
"11",2,1,1,"pre",2.92585629322387,4.92585629322387,5
"12",2,2,1,"pre",3.03150271324638,6.03150271324638,5
"13",2,3,1,"pre",2.80233564177931,6.80233564177931,5
"14",2,4,1,"pre",3.06022604977618,8.06022604977618,5
"15",2,5,1,"pre",2.7056207129907,8.7056207129907,5
"16",2,6,1,"post",3.00460600351467,13.0046060035147,5
"17",2,7,1,"post",3.2603826321592,14.2603826321592,5
"18",2,8,1,"post",2.81701116606269,14.8170111660627,5
"19",2,9,1,"post",3.04208663025392,16.0420866302539,5
"20",2,10,1,"post",2.59994984769908,16.5999498476991,5
"21",3,1,1,"pre",3.10968750555912,5.10968750555912,5
"22",3,2,1,"pre",3.14175613630933,6.14175613630933,5
"23",3,3,1,"pre",3.20239687279738,7.20239687279738,5
"24",3,4,1,"pre",3.1063489281736,8.1063489281736,5
"25",3,5,1,"pre",3.42015691792695,9.42015691792695,5
"26",3,6,1,"post",3.04798792595518,13.0479879259552,5
"27",3,7,1,"post",2.99059916833819,13.9905991683382,5
"28",3,8,1,"post",2.91223176580169,14.9122317658017,5
"29",3,9,1,"post",2.98558216588376,15.9855821658838,5
"30",3,10,1,"post",3.10385013348973,17.1038501334897,5
"31",4,1,1,"pre",3.11578425368286,5.11578425368286,5
"32",4,2,1,"pre",2.9524213728121,5.9524213728121,5
"33",4,3,1,"pre",2.54445667050784,6.54445667050784,5
"34",4,4,1,"pre",3.00973861302283,8.00973861302283,5
"35",4,5,1,"pre",3.12750075617949,9.12750075617949,5
"36",4,6,1,"post",2.68256338129949,12.6825633812995,5
"37",4,7,1,"post",3.04168479431792,14.0416847943179,5
"38",4,8,1,"post",2.76578116547215,14.7657811654722,5
"39",4,9,1,"post",2.96704172301684,15.9670417230168,5
"40",4,10,1,"post",2.85658273500226,16.8565827350023,5
"41",5,1,1,"pre",3.00934560429651,5.00934560429651,5
"42",5,2,1,"pre",3.11390942375078,6.11390942375078,5
"43",5,3,1,"pre",2.88084908326333,6.88084908326333,5
"44",5,4,1,"pre",3.19515447776748,8.19515447776748,5
"45",5,5,1,"pre",3.16989206200077,9.16989206200077,5
"46",5,6,1,"post",3.26606173833471,13.2660617383347,5
"47",5,7,1,"post",2.82213180174847,13.8221318017485,5
"48",5,8,1,"post",2.82600663268596,14.826006632686,5
"49",5,9,1,"post",3.24358887278222,16.2435888727822,5
"50",5,10,1,"post",2.96302396034291,16.9630239603429,5
"51",6,1,1,"pre",2.96429892467218,4.96429892467218,5
"52",6,2,1,"pre",2.86894092770757,5.86894092770757,5
"53",6,3,1,"pre",2.95349750250908,6.95349750250908,5
"54",6,4,1,"pre",2.95088842997403,7.95088842997403,5
"55",6,5,1,"pre",2.9004104239899,8.9004104239899,5
"56",6,6,1,"post",2.99055182809574,12.9905518280957,5
"57",6,7,1,"post",3.11105711171376,14.1110571117138,5
"58",6,8,1,"post",3.15748317796878,15.1574831779688,5
"59",6,9,1,"post",3.27326944007539,16.2732694400754,5
"60",6,10,1,"post",2.80360747936165,16.8036074793616,5
"61",7,1,1,"pre",3.03310319055063,5.03310319055063,5
"62",7,2,1,"pre",3.27030239335651,6.27030239335651,5
"63",7,3,1,"pre",2.86380953035266,6.86380953035266,5
"64",7,4,1,"pre",3.17259707993957,8.17259707993957,5
"65",7,5,1,"pre",2.68409653301744,8.68409653301744,5
"66",7,6,1,"post",3.07953905897783,13.0795390589778,5
"67",7,7,1,"post",2.87406077837917,13.8740607783792,5
"68",7,8,1,"post",2.83085345592476,14.8308534559248,5
"69",7,9,1,"post",3.14681473820132,16.1468147382013,5
"70",7,10,1,"post",2.93290597199071,16.9329059719907,5
"71",8,1,1,"pre",2.79699988892698,4.79699988892698,5
"72",8,2,1,"pre",2.95357027010013,5.95357027010013,5
"73",8,3,1,"pre",2.82891896148896,6.82891896148896,5
"74",8,4,1,"pre",2.60228888906564,7.60228888906564,5
"75",8,5,1,"pre",3.19863110681948,9.19863110681948,5
"76",8,6,1,"post",2.98057928056265,12.9805792805627,5
"77",8,7,1,"post",2.73623939792693,13.7362393979269,5
"78",8,8,1,"post",2.88031010358912,14.8803101035891,5
"79",8,9,1,"post",3.16841904631495,16.1684190463149,5
"80",8,10,1,"post",2.95202336524805,16.952023365248,5
"81",9,1,1,"pre",3.42336801213668,5.42336801213668,5
"82",9,2,1,"pre",2.96568858710041,5.96568858710041,5
"83",9,3,1,"pre",3.16239305489661,7.16239305489661,5
"84",9,4,1,"pre",3.26240014687349,8.26240014687349,5
"85",9,5,1,"pre",2.35004977034764,8.35004977034765,5
"86",9,6,1,"post",3.19052829406974,13.1905282940697,5
"87",9,7,1,"post",2.79017201913633,13.7901720191363,5
"88",9,8,1,"post",2.82740246691612,14.8274024669161,5
"89",9,9,1,"post",3.04284058340918,16.0428405834092,5
"90",9,10,1,"post",3.21215508518116,17.2121550851812,5
"91",10,1,1,"pre",2.65080905839918,4.65080905839918,5
"92",10,2,1,"pre",3.23469650702674,6.23469650702674,5
"93",10,3,1,"pre",2.72823676106071,6.7282367610607,5
"94",10,4,1,"pre",2.77123750019254,7.77123750019254,5
"95",10,5,1,"pre",3.22035760712057,9.22035760712057,5
"96",10,6,1,"post",2.88792087587013,12.8879208758701,5
"97",10,7,1,"post",3.15747194296616,14.1574719429662,5
"98",10,8,1,"post",3.19711261885323,15.1971126188532,5
"99",10,9,1,"post",3.22471717439046,16.2247171743905,5
"100",10,10,1,"post",2.93434470903205,16.934344709032,5
"101",11,1,1,"pre",3.07147481725959,5.07147481725959,5
"102",11,2,1,"pre",3.00094387307491,6.00094387307491,5
"103",11,3,1,"pre",3.15946009292228,7.15946009292228,5
"104",11,4,1,"pre",2.97022170276023,7.97022170276023,5
"105",11,5,1,"pre",3.38737371735607,9.38737371735607,5
"106",11,6,1,"post",3.32626484011329,13.3262648401133,5
"107",11,7,1,"post",3.23333757221427,14.2333375722143,5
"108",11,8,1,"post",3.24649680480423,15.2464968048042,5
"109",11,9,1,"post",3.45878267187582,16.4587826718758,5
"110",11,10,1,"post",3.06719873220019,17.0671987322002,5
"111",12,1,0,"pre",2.88982204338356,3.88982204338356,5
"112",12,2,0,"pre",2.72789348513507,4.72789348513507,5
"113",12,3,0,"pre",3.13431232669915,6.13431232669915,5
"114",12,4,0,"pre",2.96609812349335,6.96609812349335,5
"115",12,5,0,"pre",3.02502634363801,8.02502634363801,5
"116",12,6,0,"post",3.07349220318626,9.07349220318626,5
"117",12,7,0,"post",2.81667208133746,9.81667208133746,5
"118",12,8,0,"post",3.09633665277385,11.0963366527738,5
"119",12,9,0,"post",2.96222032500133,11.9622203250013,5
"120",12,10,0,"post",3.20279701985647,13.2027970198565,5
"121",13,1,1,"pre",3.05170423343116,5.05170423343116,5
"122",13,2,1,"pre",2.93777490887938,5.93777490887938,5
"123",13,3,1,"pre",3.01236546621512,7.01236546621512,5
"124",13,4,1,"pre",3.24099709321099,8.24099709321099,5
"125",13,5,1,"pre",2.90318881574547,8.90318881574547,5
"126",13,6,1,"post",3.12016258640203,13.120162586402,5
"127",13,7,1,"post",2.87191119348143,13.8719111934814,5
"128",13,8,1,"post",3.4782758683501,15.4782758683501,5
"129",13,9,1,"post",3.23283934249288,16.2328393424929,5
"130",13,10,1,"post",2.94645664004132,16.9464566400413,5
"131",14,1,1,"pre",3.20970244679776,5.20970244679776,5
"132",14,2,1,"pre",2.8276696600514,5.8276696600514,5
"133",14,3,1,"pre",3.12962032258127,7.12962032258127,5
"134",14,4,1,"pre",2.59347510218785,7.59347510218785,5
"135",14,5,1,"pre",2.79012571971004,8.79012571971004,5
"136",14,6,1,"post",3.09440743438969,13.0944074343897,5
"137",14,7,1,"post",3.3881217267583,14.3881217267583,5
"138",14,8,1,"post",3.20964958571254,15.2096495857125,5
"139",14,9,1,"post",3.05763328665381,16.0576332866538,5
"140",14,10,1,"post",3.17314332162347,17.1731433216235,5
"141",15,1,0,"pre",2.81725837404289,3.81725837404289,5
"142",15,2,0,"pre",3.1179917329415,5.1179917329415,5
"143",15,3,0,"pre",2.35668170738507,5.35668170738507,5
"144",15,4,0,"pre",3.1028087036057,7.1028087036057,5
"145",15,5,0,"pre",3.02611392979907,8.02611392979907,5
"146",15,6,0,"post",2.99399708509312,8.99399708509312,5
"147",15,7,0,"post",2.91418904669247,9.91418904669247,5
"148",15,8,0,"post",2.94572414778617,10.9457241477862,5
"149",15,9,0,"post",3.1047369965848,12.1047369965848,5
"150",15,10,0,"post",2.63444959096604,12.634449590966,5
"151",16,1,0,"pre",2.94463938584531,3.94463938584531,5
"152",16,2,0,"pre",3.15472715865388,5.15472715865388,5
"153",16,3,0,"pre",2.75153633514719,5.75153633514719,5
"154",16,4,0,"pre",2.83634178866291,6.83634178866291,5
"155",16,5,0,"pre",3.04817870659663,8.04817870659663,5
"156",16,6,0,"post",2.82982965354064,8.82982965354064,5
"157",16,7,0,"post",2.90816315099602,9.90816315099602,5
"158",16,8,0,"post",2.9786304312628,10.9786304312628,5
"159",16,9,0,"post",3.03237605133905,12.0323760513391,5
"160",16,10,0,"post",2.76791137558599,12.767911375586,5
"161",17,1,0,"pre",2.99874238378435,3.99874238378435,5
"162",17,2,0,"pre",3.00097944348755,5.00097944348755,5
"163",17,3,0,"pre",2.95565561972922,5.95565561972922,5
"164",17,4,0,"pre",3.29246024843488,7.29246024843488,5
"165",17,5,0,"pre",2.97222668182709,7.97222668182708,5
"166",17,6,0,"post",2.97984364240383,8.97984364240383,5
"167",17,7,0,"post",3.17999363277404,10.179993632774,5
"168",17,8,0,"post",3.09301251690269,11.0930125169027,5
"169",17,9,0,"post",3.38503954494271,12.3850395449427,5
"170",17,10,0,"post",2.96997056285025,12.9699705628502,5
"171",18,1,1,"pre",2.73523302622322,4.73523302622322,5
"172",18,2,1,"pre",2.70673660724056,5.70673660724056,5
"173",18,3,1,"pre",3.07082010212591,7.07082010212591,5
"174",18,4,1,"pre",3.34212464834163,8.34212464834163,5
"175",18,5,1,"pre",2.78293659478971,8.78293659478971,5
"176",18,6,1,"post",2.9527554672977,12.9527554672977,5
"177",18,7,1,"post",2.9580682967902,13.9580682967902,5
"178",18,8,1,"post",3.2433647087654,15.2433647087654,5
"179",18,9,1,"post",2.79228817210576,15.7922881721058,5
"180",18,10,1,"post",3.39173462376812,17.3917346237681,5
"181",19,1,0,"pre",2.7872899094624,3.7872899094624,5
"182",19,2,0,"pre",2.87554033388379,4.87554033388379,5
"183",19,3,0,"pre",2.91732456847151,5.91732456847151,5
"184",19,4,0,"pre",3.19320431784762,7.19320431784762,5
"185",19,5,0,"pre",2.94808059990436,7.94808059990436,5
"186",19,6,0,"post",2.63680535274832,8.63680535274832,5
"187",19,7,0,"post",3.23595535030021,10.2359553503002,5
"188",19,8,0,"post",3.00385283397557,11.0038528339756,5
"189",19,9,0,"post",3.12109003381735,12.1210900338174,5
"190",19,10,0,"post",3.2822054687393,13.2822054687393,5
"191",20,1,0,"pre",2.94490260870903,3.94490260870903,5
"192",20,2,0,"pre",2.74598856908215,4.74598856908215,5
"193",20,3,0,"pre",2.6201213199155,5.6201213199155,5
"194",20,4,0,"pre",2.94067624790369,6.94067624790369,5
"195",20,5,0,"pre",2.76851749646913,7.76851749646913,5
"196",20,6,0,"post",3.07127842979323,9.07127842979323,5
"197",20,7,0,"post",2.78146751386803,9.78146751386803,5
"198",20,8,0,"post",2.7222294440196,10.7222294440196,5
"199",20,9,0,"post",3.22592925359837,12.2259292535984,5
"200",20,10,0,"post",2.98253991603052,12.9825399160305,5
"201",21,1,1,"pre",3.30637871862449,5.30637871862449,5
"202",21,2,1,"pre",2.97544436426198,5.97544436426198,5
"203",21,3,1,"pre",2.83951526760595,6.83951526760594,5
"204",21,4,1,"pre",3.01278281524522,8.01278281524522,5
"205",21,5,1,"pre",3.11000471733362,9.11000471733362,5
"206",21,6,1,"post",3.03581644982845,13.0358164498284,5
"207",21,7,1,"post",3.05581709457279,14.0558170945728,5
"208",21,8,1,"post",2.80432033758528,14.8043203375853,5
"209",21,9,1,"post",2.80883009156497,15.808830091565,5
"210",21,10,1,"post",2.98112037723237,16.9811203772324,5
"211",22,1,1,"pre",2.83011093884187,4.83011093884187,5
"212",22,2,1,"pre",3.09372495567432,6.09372495567432,5
"213",22,3,1,"pre",2.98045080946209,6.98045080946209,5
"214",22,4,1,"pre",2.96779923706522,7.96779923706521,5
"215",22,5,1,"pre",2.97708808665407,8.97708808665407,5
"216",22,6,1,"post",2.83779729613535,12.8377972961353,5
"217",22,7,1,"post",3.20683315636314,14.2068331563631,5
"218",22,8,1,"post",3.01208582281385,15.0120858228138,5
"219",22,9,1,"post",2.94213175665542,15.9421317566554,5
"220",22,10,1,"post",3.20038692151889,17.2003869215189,5
"221",23,1,1,"pre",3.03760631701204,5.03760631701204,5
"222",23,2,1,"pre",3.2936562412605,6.2936562412605,5
"223",23,3,1,"pre",2.59562461078735,6.59562461078735,5
"224",23,4,1,"pre",2.77474101881287,7.77474101881287,5
"225",23,5,1,"pre",3.0952473915804,9.0952473915804,5
"226",23,6,1,"post",2.89255732506603,12.892557325066,5
"227",23,7,1,"post",3.13012808088159,14.1301280808816,5
"228",23,8,1,"post",3.07837222156735,15.0783722215674,5
"229",23,9,1,"post",2.8625750855851,15.8625750855851,5
"230",23,10,1,"post",3.35343350644846,17.3534335064485,5
"231",24,1,0,"pre",3.16517354265897,4.16517354265897,5
"232",24,2,0,"pre",2.84999044716291,4.84999044716291,5
"233",24,3,0,"pre",2.85380879800775,5.85380879800775,5
"234",24,4,0,"pre",3.06460725957194,7.06460725957194,5
"235",24,5,0,"pre",2.61506355563906,7.61506355563906,5
"236",24,6,0,"post",2.92847047249698,8.92847047249698,5
"237",24,7,0,"post",2.91780218663643,9.91780218663643,5
"238",24,8,0,"post",2.94496440603088,10.9449644060309,5
"239",24,9,0,"post",3.5130153197775,12.5130153197775,5
"240",24,10,0,"post",2.92265908671514,12.9226590867151,5
"241",25,1,1,"pre",3.17764731171241,5.17764731171241,5
"242",25,2,1,"pre",2.67887968704035,5.67887968704035,5
"243",25,3,1,"pre",2.68421442851442,6.68421442851442,5
"244",25,4,1,"pre",3.24278588925885,8.24278588925885,5
"245",25,5,1,"pre",2.99949519815237,8.99949519815237,5
"246",25,6,1,"post",2.94121495771519,12.9412149577152,5
"247",25,7,1,"post",2.8716668303271,13.8716668303271,5
"248",25,8,1,"post",2.92082408724158,14.9208240872416,5
"249",25,9,1,"post",2.83577365359009,15.8357736535901,5
"250",25,10,1,"post",2.90782815396629,16.9078281539663,5
"251",26,1,1,"pre",3.09580305304563,5.09580305304563,5
"252",26,2,1,"pre",2.83872320276738,5.83872320276738,5
"253",26,3,1,"pre",3.2455716093893,7.2455716093893,5
"254",26,4,1,"pre",2.90300936962665,7.90300936962665,5
"255",26,5,1,"pre",2.63203954456996,8.63203954456996,5
"256",26,6,1,"post",2.97594491824952,12.9759449182495,5
"257",26,7,1,"post",3.09946591355547,14.0994659135555,5
"258",26,8,1,"post",3.17097392090186,15.1709739209019,5
"259",26,9,1,"post",2.6639017258501,15.6639017258501,5
"260",26,10,1,"post",2.92331939621921,16.9233193962192,5
"261",27,1,0,"pre",3.24132250297014,4.24132250297014,5
"262",27,2,0,"pre",3.17291375223323,5.17291375223323,5
"263",27,3,0,"pre",3.14025703273413,6.14025703273413,5
"264",27,4,0,"pre",2.90190040915269,6.90190040915269,5
"265",27,5,0,"pre",2.8514849609579,7.8514849609579,5
"266",27,6,0,"post",3.0195873691279,9.0195873691279,5
"267",27,7,0,"post",3.10417663179773,10.1041766317977,5
"268",27,8,0,"post",2.92936548229817,10.9293654822982,5
"269",27,9,0,"post",2.97354730436212,11.9735473043621,5
"270",27,10,0,"post",3.18658081417286,13.1865808141729,5
"271",28,1,1,"pre",3.14812038087367,5.14812038087367,5
"272",28,2,1,"pre",2.96301806700676,5.96301806700676,5
"273",28,3,1,"pre",2.85920595457996,6.85920595457996,5
"274",28,4,1,"pre",3.1601410598987,8.1601410598987,5
"275",28,5,1,"pre",2.99998081835001,8.99998081835001,5
"276",28,6,1,"post",2.95441211669038,12.9544121166904,5
"277",28,7,1,"post",3.12685533379851,14.1268553337985,5
"278",28,8,1,"post",2.98197502689773,14.9819750268977,5
"279",28,9,1,"post",3.3576935897799,16.3576935897799,5
"280",28,10,1,"post",2.74615349697715,16.7461534969771,5
"281",29,1,1,"pre",2.72708484854242,4.72708484854242,5
"282",29,2,1,"pre",2.73636199307556,5.73636199307556,5
"283",29,3,1,"pre",3.36809037506487,7.36809037506487,5
"284",29,4,1,"pre",2.90001739968736,7.90001739968736,5
"285",29,5,1,"pre",3.06628235359317,9.06628235359317,5
"286",29,6,1,"post",2.73399820005896,12.733998200059,5
"287",29,7,1,"post",2.86558149345754,13.8655814934575,5
"288",29,8,1,"post",3.05102310704967,15.0510231070497,5
"289",29,9,1,"post",3.15930577831816,16.1593057783182,5
"290",29,10,1,"post",3.3042050608055,17.3042050608055,5
"291",30,1,0,"pre",2.9162114744123,3.9162114744123,5
"292",30,2,0,"pre",3.0234390885643,5.0234390885643,5
"293",30,3,0,"pre",3.17628932142191,6.17628932142191,5
"294",30,4,0,"pre",2.74756723774836,6.74756723774836,5
"295",30,5,0,"pre",2.96838908936642,7.96838908936642,5
"296",30,6,0,"post",2.99002910657908,8.99002910657908,5
"297",30,7,0,"post",3.47385272379024,10.4738527237902,5
"298",30,8,0,"post",2.96115896309643,10.9611589630964,5
"299",30,9,0,"post",3.0508420674315,12.0508420674315,5
"300",30,10,0,"post",3.155083294231,13.155083294231,5
"301",31,1,0,"pre",2.84119526796034,3.84119526796034,5
"302",31,2,0,"pre",3.07974716640906,5.07974716640906,5
"303",31,3,0,"pre",3.00939015908,6.00939015908,5
"304",31,4,0,"pre",2.77815905347208,6.77815905347208,5
"305",31,5,0,"pre",2.95061415701879,7.95061415701879,5
"306",31,6,0,"post",3.15669848846494,9.15669848846494,5
"307",31,7,0,"post",3.10089395023768,10.1008939502377,5
"308",31,8,0,"post",3.17359424992065,11.1735942499207,5
"309",31,9,0,"post",2.92701552110914,11.9270155211091,5
"310",31,10,0,"post",2.77125777041903,12.771257770419,5
"311",32,1,1,"pre",3.14773267564996,5.14773267564996,5
"312",32,2,1,"pre",2.63450220141937,5.63450220141937,5
"313",32,3,1,"pre",2.81582454541016,6.81582454541016,5
"314",32,4,1,"pre",2.86872964462493,7.86872964462493,5
"315",32,5,1,"pre",3.38515586611699,9.38515586611699,5
"316",32,6,1,"post",3.21870755712358,13.2187075571236,5
"317",32,7,1,"post",2.95821703848077,13.9582170384808,5
"318",32,8,1,"post",3.42095816102632,15.4209581610263,5
"319",32,9,1,"post",2.73246437117508,15.7324643711751,5
"320",32,10,1,"post",2.93073001141175,16.9307300114117,5
"321",33,1,1,"pre",2.48679059302332,4.48679059302332,5
"322",33,2,1,"pre",2.80987265399961,5.80987265399961,5
"323",33,3,1,"pre",3.00416027861598,7.00416027861598,5
"324",33,4,1,"pre",2.90798226846123,7.90798226846123,5
"325",33,5,1,"pre",3.01484340668691,9.01484340668691,5
"326",33,6,1,"post",2.77718950991047,12.7771895099105,5
"327",33,7,1,"post",3.08687543108496,14.086875431085,5
"328",33,8,1,"post",3.02133105239825,15.0213310523982,5
"329",33,9,1,"post",3.07760553291368,16.0776055329137,5
"330",33,10,1,"post",2.95134523475996,16.95134523476,5
"331",34,1,0,"pre",3.15103669992255,4.15103669992255,5
"332",34,2,0,"pre",3.16145528260592,5.16145528260592,5
"333",34,3,0,"pre",3.15452301036696,6.15452301036696,5
"334",34,4,0,"pre",2.96583371182599,6.96583371182599,5
"335",34,5,0,"pre",2.98241188432099,7.98241188432099,5
"336",34,6,0,"post",2.75396224405467,8.75396224405467,5
"337",34,7,0,"post",2.97851247029992,9.97851247029992,5
"338",34,8,0,"post",3.25480533496511,11.2548053349651,5
"339",34,9,0,"post",3.03583306192603,12.035833061926,5
"340",34,10,0,"post",3.12940721554522,13.1294072155452,5
"341",35,1,0,"pre",3.0036297552704,4.0036297552704,5
"342",35,2,0,"pre",2.93779580340529,4.93779580340529,5
"343",35,3,0,"pre",3.02836255325622,6.02836255325622,5
"344",35,4,0,"pre",2.9886058923375,6.9886058923375,5
"345",35,5,0,"pre",2.80592891476319,7.80592891476319,5
"346",35,6,0,"post",2.9763661319388,8.9763661319388,5
"347",35,7,0,"post",2.78427860465062,9.78427860465062,5
"348",35,8,0,"post",2.59241553363474,10.5924155336347,5
"349",35,9,0,"post",3.22131753228103,12.221317532281,5
"350",35,10,0,"post",3.27817537419011,13.2781753741901,5
"351",36,1,1,"pre",3.31031227836821,5.31031227836821,5
"352",36,2,1,"pre",2.80599678854513,5.80599678854513,5
"353",36,3,1,"pre",3.06171884853522,7.06171884853522,5
"354",36,4,1,"pre",2.952634500649,7.952634500649,5
"355",36,5,1,"pre",3.00184982509651,9.00184982509651,5
"356",36,6,1,"post",2.95734145054223,12.9573414505422,5
"357",36,7,1,"post",3.22105508927641,14.2210550892764,5
"358",36,8,1,"post",3.11796031465907,15.1179603146591,5
"359",36,9,1,"post",2.86645221492328,15.8664522149233,5
"360",36,10,1,"post",3.32835537327862,17.3283553732786,5
"361",37,1,0,"pre",2.83486503508285,3.83486503508285,5
"362",37,2,0,"pre",2.75774140725426,4.75774140725426,5
"363",37,3,0,"pre",2.71676343669804,5.71676343669804,5
"364",37,4,0,"pre",3.05936152265718,7.05936152265718,5
"365",37,5,0,"pre",2.89506973930134,7.89506973930134,5
"366",37,6,0,"post",2.88060545386958,8.88060545386958,5
"367",37,7,0,"post",2.62823948781038,9.62823948781038,5
"368",37,8,0,"post",2.83569782438034,10.8356978243803,5
"369",37,9,0,"post",2.97936041404438,11.9793604140444,5
"370",37,10,0,"post",2.68937145379134,12.6893714537913,5
"371",38,1,0,"pre",2.74522490563616,3.74522490563616,5
"372",38,2,0,"pre",2.73131379686469,4.73131379686469,5
"373",38,3,0,"pre",3.09033820271991,6.09033820271991,5
"374",38,4,0,"pre",3.13915184478291,7.13915184478291,5
"375",38,5,0,"pre",2.73470278249184,7.73470278249184,5
"376",38,6,0,"post",3.11572747397285,9.11572747397285,5
"377",38,7,0,"post",2.7688421791805,9.7688421791805,5
"378",38,8,0,"post",3.18826406134341,11.1882640613434,5
"379",38,9,0,"post",2.92751177443942,11.9275117744394,5
"380",38,10,0,"post",3.15167568288403,13.151675682884,5
"381",39,1,0,"pre",3.12952085234468,4.12952085234468,5
"382",39,2,0,"pre",3.02075021006574,5.02075021006574,5
"383",39,3,0,"pre",2.84663560053351,5.84663560053351,5
"384",39,4,0,"pre",3.32612946924586,7.32612946924586,5
"385",39,5,0,"pre",3.22904222430865,8.22904222430865,5
"386",39,6,0,"post",3.17790362547373,9.17790362547373,5
"387",39,7,0,"post",3.09285120033886,10.0928512003389,5
"388",39,8,0,"post",2.69801553983765,10.6980155398376,5
"389",39,9,0,"post",2.56487807569809,11.5648780756981,5
"390",39,10,0,"post",2.80257786336725,12.8025778633672,5
"391",40,1,1,"pre",3.07595972038108,5.07595972038108,5
"392",40,2,1,"pre",2.96188732138051,5.96188732138051,5
"393",40,3,1,"pre",2.68914803854839,6.68914803854839,5
"394",40,4,1,"pre",2.82942520312063,7.82942520312063,5
"395",40,5,1,"pre",3.21043889470478,9.21043889470478,5
"396",40,6,1,"post",2.70181179727465,12.7018117972747,5
"397",40,7,1,"post",2.828883510219,13.828883510219,5
"398",40,8,1,"post",2.85396291817464,14.8539629181746,5
"399",40,9,1,"post",2.97931988481026,15.9793198848103,5
"400",40,10,1,"post",2.70174967857121,16.7017496785712,5
"401",41,1,0,"pre",3.19398898697809,4.19398898697809,5
"402",41,2,0,"pre",3.41315021320033,5.41315021320033,5
"403",41,3,0,"pre",3.07381574953447,6.07381574953447,5
"404",41,4,0,"pre",2.99305567730879,6.99305567730879,5
"405",41,5,0,"pre",3.47391629944976,8.47391629944976,5
"406",41,6,0,"post",2.95201571946625,8.95201571946625,5
"407",41,7,0,"post",2.85799140047547,9.85799140047547,5
"408",41,8,0,"post",3.028035603035,11.028035603035,5
"409",41,9,0,"post",3.17362904856285,12.1736290485628,5
"410",41,10,0,"post",3.17080010246776,13.1708001024678,5
"411",42,1,1,"pre",2.97472177717118,4.97472177717118,5
"412",42,2,1,"pre",3.13960119501342,6.13960119501342,5
"413",42,3,1,"pre",2.84994633569055,6.84994633569055,5
"414",42,4,1,"pre",3.13050205133786,8.13050205133786,5
"415",42,5,1,"pre",2.87323092447566,8.87323092447566,5
"416",42,6,1,"post",3.13112249968916,13.1311224996892,5
"417",42,7,1,"post",3.00236505563227,14.0023650556323,5
"418",42,8,1,"post",2.8465190653935,14.8465190653935,5
"419",42,9,1,"post",3.01910571896825,16.0191057189683,5
"420",42,10,1,"post",2.6655308156938,16.6655308156938,5
"421",43,1,0,"pre",2.9974067996905,3.9974067996905,5
"422",43,2,0,"pre",2.91280279318974,4.91280279318974,5
"423",43,3,0,"pre",2.91048797432141,5.91048797432141,5
"424",43,4,0,"pre",2.87099157707074,6.87099157707074,5
"425",43,5,0,"pre",3.23840202494974,8.23840202494974,5
"426",43,6,0,"post",2.74167077336738,8.74167077336738,5
"427",43,7,0,"post",2.89366122587104,9.89366122587104,5
"428",43,8,0,"post",2.7332531988247,10.7332531988247,5
"429",43,9,0,"post",2.88334813274108,11.8833481327411,5
"430",43,10,0,"post",2.79708479185324,12.7970847918532,5
"431",44,1,1,"pre",2.84359216100324,4.84359216100324,5
"432",44,2,1,"pre",2.8689600308421,5.8689600308421,5
"433",44,3,1,"pre",2.84962947328942,6.84962947328942,5
"434",44,4,1,"pre",3.13292544453168,8.13292544453168,5
"435",44,5,1,"pre",2.8666500709042,8.8666500709042,5
"436",44,6,1,"post",2.84754334340909,12.8475433434091,5
"437",44,7,1,"post",3.01336700667384,14.0133670066738,5
"438",44,8,1,"post",3.0281745995481,15.0281745995481,5
"439",44,9,1,"post",2.95872596486028,15.9587259648603,5
"440",44,10,1,"post",2.89469425692219,16.8946942569222,5
"441",45,1,0,"pre",3.16408830027394,4.16408830027394,5
"442",45,2,0,"pre",2.81254683325856,4.81254683325856,5
"443",45,3,0,"pre",3.27922807282097,6.27922807282097,5
"444",45,4,0,"pre",3.02170055693088,7.02170055693088,5
"445",45,5,0,"pre",2.98720376639265,7.98720376639265,5
"446",45,6,0,"post",2.79420197153615,8.79420197153615,5
"447",45,7,0,"post",3.16292405527391,10.1629240552739,5
"448",45,8,0,"post",2.69348306982469,10.6934830698247,5
"449",45,9,0,"post",2.8936213808906,11.8936213808906,5
"450",45,10,0,"post",3.0583267501378,13.0583267501378,5
"451",46,1,1,"pre",2.68518491825792,4.68518491825792,5
"452",46,2,1,"pre",2.87543164581722,5.87543164581722,5
"453",46,3,1,"pre",3.23591804578548,7.23591804578548,5
"454",46,4,1,"pre",3.28177707187417,8.28177707187417,5
"455",46,5,1,"pre",2.83457344300342,8.83457344300342,5
"456",46,6,1,"post",3.27577665558755,13.2757766555875,5
"457",46,7,1,"post",2.86429216388076,13.8642921638808,5
"458",46,8,1,"post",3.29618351307016,15.2961835130702,5
"459",46,9,1,"post",2.90871545813132,15.9087154581313,5
"460",46,10,1,"post",2.76836654451746,16.7683665445175,5
"461",47,1,0,"pre",3.43417179168394,4.43417179168394,5
"462",47,2,0,"pre",2.8983915433925,4.8983915433925,5
"463",47,3,0,"pre",3.03190546976336,6.03190546976336,5
"464",47,4,0,"pre",3.19987342209511,7.19987342209511,5
"465",47,5,0,"pre",3.0978497492387,8.0978497492387,5
"466",47,6,0,"post",2.96602164027454,8.96602164027454,5
"467",47,7,0,"post",2.82860464912762,9.82860464912762,5
"468",47,8,0,"post",2.59599837946106,10.5959983794611,5
"469",47,9,0,"post",3.13146907331865,12.1314690733186,5
"470",47,10,0,"post",2.95950464643104,12.959504646431,5
"471",48,1,1,"pre",2.94204056335042,4.94204056335042,5
"472",48,2,1,"pre",3.0199663266542,6.0199663266542,5
"473",48,3,1,"pre",3.10514911779956,7.10514911779956,5
"474",48,4,1,"pre",3.19384705956331,8.19384705956331,5
"475",48,5,1,"pre",2.93376267031559,8.93376267031559,5
"476",48,6,1,"post",2.88012897034686,12.8801289703469,5
"477",48,7,1,"post",3.02245277622181,14.0224527762218,5
"478",48,8,1,"post",2.91032212950151,14.9103221295015,5
"479",48,9,1,"post",3.18600968017317,16.1860096801732,5
"480",48,10,1,"post",3.13963175710207,17.1396317571021,5
"481",49,1,0,"pre",2.87608314374553,3.87608314374553,5
"482",49,2,0,"pre",3.31543321139985,5.31543321139985,5
"483",49,3,0,"pre",3.16542309006431,6.16542309006431,5
"484",49,4,0,"pre",3.01751285734245,7.01751285734245,5
"485",49,5,0,"pre",2.98717049279447,7.98717049279447,5
"486",49,6,0,"post",2.80282747173932,8.80282747173932,5
"487",49,7,0,"post",2.90840765649955,9.90840765649955,5
"488",49,8,0,"post",2.86942358919588,10.8694235891959,5
"489",49,9,0,"post",3.13767793538552,12.1376779353855,5
"490",49,10,0,"post",2.99537396569818,12.9953739656982,5
"491",50,1,0,"pre",2.73864531477116,3.73864531477116,5
"492",50,2,0,"pre",2.81538581761449,4.81538581761449,5
"493",50,3,0,"pre",3.0055621696472,6.0055621696472,5
"494",50,4,0,"pre",2.78483911371853,6.78483911371853,5
"495",50,5,0,"pre",2.89032157180489,7.8903215718049,5
"496",50,6,0,"post",2.85378218665834,8.85378218665834,5
"497",50,7,0,"post",3.05578879337477,10.0557887933748,5
"498",50,8,0,"post",3.37989381181849,11.3798938118185,5
"499",50,9,0,"post",3.02528735237762,12.0252873523776,5
"500",50,10,0,"post",2.85843449943145,12.8584344994315,5
"501",51,1,0,"pre",2.73527610786328,3.73527610786328,5
"502",51,2,0,"pre",2.75765164044614,4.75765164044614,5
"503",51,3,0,"pre",3.26364139059668,6.26364139059668,5
"504",51,4,0,"pre",2.98429633727517,6.98429633727517,5
"505",51,5,0,"pre",3.23535029954554,8.23535029954554,5
"506",51,6,0,"post",3.23178301302514,9.23178301302514,5
"507",51,7,0,"post",3.28663196793857,10.2866319679386,5
"508",51,8,0,"post",2.67285444662898,10.672854446629,5
"509",51,9,0,"post",2.54030191856321,11.5403019185632,5
"510",51,10,0,"post",3.00093693626596,13.000936936266,5
"511",52,1,0,"pre",2.73417654917562,3.73417654917562,5
"512",52,2,0,"pre",3.1556919216372,5.1556919216372,5
"513",52,3,0,"pre",3.09113036507211,6.09113036507211,5
"514",52,4,0,"pre",3.01996531498715,7.01996531498715,5
"515",52,5,0,"pre",2.99137655263373,7.99137655263373,5
"516",52,6,0,"post",3.12690230867834,9.12690230867834,5
"517",52,7,0,"post",3.17097409758182,10.1709740975818,5
"518",52,8,0,"post",3.21940082949823,11.2194008294982,5
"519",52,9,0,"post",2.99761509475861,11.9976150947586,5
"520",52,10,0,"post",2.76384834167642,12.7638483416764,5
"521",53,1,1,"pre",3.01134947922547,5.01134947922547,5
"522",53,2,1,"pre",3.1518733849854,6.1518733849854,5
"523",53,3,1,"pre",2.95814072879562,6.95814072879562,5
"524",53,4,1,"pre",2.90444925711184,7.90444925711184,5
"525",53,5,1,"pre",3.00766619331242,9.00766619331242,5
"526",53,6,1,"post",2.98829613642795,12.9882961364279,5
"527",53,7,1,"post",2.86034703507672,13.8603470350767,5
"528",53,8,1,"post",2.92109157393455,14.9210915739346,5
"529",53,9,1,"post",3.1048467442707,16.1048467442707,5
"530",53,10,1,"post",3.18697809257947,17.1869780925795,5
"531",54,1,0,"pre",3.18726312542827,4.18726312542827,5
"532",54,2,0,"pre",2.89691316247512,4.89691316247512,5
"533",54,3,0,"pre",2.83686076689961,5.83686076689961,5
"534",54,4,0,"pre",2.60364971478986,6.60364971478986,5
"535",54,5,0,"pre",2.70435589283739,7.70435589283739,5
"536",54,6,0,"post",2.86212846176063,8.86212846176063,5
"537",54,7,0,"post",3.24196197302684,10.2419619730268,5
"538",54,8,0,"post",2.7463365932985,10.7463365932985,5
"539",54,9,0,"post",2.82074221392246,11.8207422139225,5
"540",54,10,0,"post",2.65770659617228,12.6577065961723,5
"541",55,1,0,"pre",3.0888221306653,4.0888221306653,5
"542",55,2,0,"pre",2.5421817507991,4.5421817507991,5
"543",55,3,0,"pre",3.23327078565129,6.23327078565129,5
"544",55,4,0,"pre",2.63807686023908,6.63807686023908,5
"545",55,5,0,"pre",3.15990302678965,8.15990302678965,5
"546",55,6,0,"post",2.73282571735834,8.73282571735834,5
"547",55,7,0,"post",2.96178152509244,9.96178152509244,5
"548",55,8,0,"post",2.76762949834876,10.7676294983488,5
"549",55,9,0,"post",3.01376196879989,12.0137619687999,5
"550",55,10,0,"post",2.96888069911674,12.9688806991167,5
"551",56,1,0,"pre",3.08664579435853,4.08664579435853,5
"552",56,2,0,"pre",2.87749002741743,4.87749002741743,5
"553",56,3,0,"pre",2.89232319102528,5.89232319102528,5
"554",56,4,0,"pre",2.78968086559345,6.78968086559345,5
"555",56,5,0,"pre",2.7686681821353,7.7686681821353,5
"556",56,6,0,"post",2.78398404701587,8.78398404701587,5
"557",56,7,0,"post",3.27090998090545,10.2709099809054,5
"558",56,8,0,"post",3.44784027145873,11.4478402714587,5
"559",56,9,0,"post",2.99110740381331,11.9911074038133,5
"560",56,10,0,"post",3.14951557489364,13.1495155748936,5
"561",57,1,0,"pre",2.93700342854058,3.93700342854058,5
"562",57,2,0,"pre",2.75845815476727,4.75845815476727,5
"563",57,3,0,"pre",2.94501642573502,5.94501642573502,5
"564",57,4,0,"pre",3.21523664134267,7.21523664134267,5
"565",57,5,0,"pre",2.7880059219516,7.7880059219516,5
"566",57,6,0,"post",3.23347826603776,9.23347826603776,5
"567",57,7,0,"post",3.13269299201445,10.1326929920144,5
"568",57,8,0,"post",3.01273344104677,11.0127334410468,5
"569",57,9,0,"post",3.0399388628641,12.0399388628641,5
"570",57,10,0,"post",3.19376970548023,13.1937697054802,5
"571",58,1,0,"pre",2.8545325343757,3.8545325343757,5
"572",58,2,0,"pre",3.04593283004994,5.04593283004994,5
"573",58,3,0,"pre",2.70368938131762,5.70368938131763,5
"574",58,4,0,"pre",2.88027386139156,6.88027386139156,5
"575",58,5,0,"pre",2.89793520956264,7.89793520956264,5
"576",58,6,0,"post",2.77025706914194,8.77025706914194,5
"577",58,7,0,"post",2.73446100083915,9.73446100083915,5
"578",58,8,0,"post",3.31495256444558,11.3149525644456,5
"579",58,9,0,"post",3.03172003150834,12.0317200315083,5
"580",58,10,0,"post",3.04936012791449,13.0493601279145,5
"581",59,1,0,"pre",3.17103783536714,4.17103783536714,5
"582",59,2,0,"pre",2.96080832148504,4.96080832148504,5
"583",59,3,0,"pre",3.16121545759972,6.16121545759972,5
"584",59,4,0,"pre",2.94622850283549,6.94622850283549,5
"585",59,5,0,"pre",3.13947134904752,8.13947134904752,5
"586",59,6,0,"post",2.70683362124043,8.70683362124043,5
"587",59,7,0,"post",2.81869080604755,9.81869080604755,5
"588",59,8,0,"post",2.94440178880937,10.9444017888094,5
"589",59,9,0,"post",2.98461875085053,11.9846187508505,5
"590",59,10,0,"post",2.78144194251257,12.7814419425126,5
"591",60,1,0,"pre",3.01614267090053,4.01614267090053,5
"592",60,2,0,"pre",3.06148375645185,5.06148375645185,5
"593",60,3,0,"pre",2.98679108953966,5.98679108953966,5
"594",60,4,0,"pre",2.48023355418441,6.4802335541844,5
"595",60,5,0,"pre",3.10012175559786,8.10012175559786,5
"596",60,6,0,"post",2.97715923576744,8.97715923576744,5
"597",60,7,0,"post",2.99013716621321,9.99013716621321,5
"598",60,8,0,"post",2.73901908596269,10.7390190859627,5
"599",60,9,0,"post",3.01630337564411,12.0163033756441,5
"600",60,10,0,"post",3.21071043739419,13.2107104373942,5
"601",61,1,1,"pre",2.8088528007716,4.80885280077161,5
"602",61,2,1,"pre",2.80742270606564,5.80742270606564,5
"603",61,3,1,"pre",2.95372414857132,6.95372414857132,5
"604",61,4,1,"pre",3.05841391206087,8.05841391206087,5
"605",61,5,1,"pre",2.97560867144159,8.97560867144159,5
"606",61,6,1,"post",3.27367029861066,13.2736702986107,5
"607",61,7,1,"post",2.83298285867907,13.8329828586791,5
"608",61,8,1,"post",3.18810524172654,15.1881052417265,5
"609",61,9,1,"post",2.86523244393888,15.8652324439389,5
"610",61,10,1,"post",2.91511356308845,16.9151135630885,5
"611",62,1,0,"pre",2.93226599293098,3.93226599293098,5
"612",62,2,0,"pre",3.01152493566721,5.01152493566721,5
"613",62,3,0,"pre",2.96089000673181,5.96089000673181,5
"614",62,4,0,"pre",2.78117340566876,6.78117340566876,5
"615",62,5,0,"pre",2.89406100105412,7.89406100105412,5
"616",62,6,0,"post",2.95232819685832,8.95232819685832,5
"617",62,7,0,"post",3.02074393863723,10.0207439386372,5
"618",62,8,0,"post",3.09700082343514,11.0970008234351,5
"619",62,9,0,"post",3.14442914982573,12.1444291498257,5
"620",62,10,0,"post",2.86533671487387,12.8653367148739,5
"621",63,1,0,"pre",3.0512425428105,4.0512425428105,5
"622",63,2,0,"pre",2.79210566205952,4.79210566205952,5
"623",63,3,0,"pre",2.7937354343522,5.7937354343522,5
"624",63,4,0,"pre",3.25520807232366,7.25520807232366,5
"625",63,5,0,"pre",2.97376059049813,7.97376059049813,5
"626",63,6,0,"post",2.85606040387426,8.85606040387426,5
"627",63,7,0,"post",3.13292118107217,10.1329211810722,5
"628",63,8,0,"post",3.08111054616217,11.0811105461622,5
"629",63,9,0,"post",3.15434029195983,12.1543402919598,5
"630",63,10,0,"post",3.13159656471575,13.1315965647157,5
"631",64,1,1,"pre",3.06679568118142,5.06679568118142,5
"632",64,2,1,"pre",2.68883987181789,5.68883987181789,5
"633",64,3,1,"pre",2.95071590757562,6.95071590757562,5
"634",64,4,1,"pre",3.0070270302024,8.0070270302024,5
"635",64,5,1,"pre",3.00924378879874,9.00924378879875,5
"636",64,6,1,"post",2.95828674201292,12.9582867420129,5
"637",64,7,1,"post",3.19044370296237,14.1904437029624,5
"638",64,8,1,"post",3.14979254363164,15.1497925436316,5
"639",64,9,1,"post",3.05424770659061,16.0542477065906,5
"640",64,10,1,"post",2.81968416874897,16.819684168749,5
"641",65,1,1,"pre",2.77273156118995,4.77273156118994,5
"642",65,2,1,"pre",3.12743415035196,6.12743415035196,5
"643",65,3,1,"pre",2.94041639899968,6.94041639899968,5
"644",65,4,1,"pre",3.38362582764314,8.38362582764314,5
"645",65,5,1,"pre",3.08537084660903,9.08537084660903,5
"646",65,6,1,"post",2.96702979490477,12.9670297949048,5
"647",65,7,1,"post",3.26300841515407,14.2630084151541,5
"648",65,8,1,"post",2.90390720874139,14.9039072087414,5
"649",65,9,1,"post",3.07062693788364,16.0706269378836,5
"650",65,10,1,"post",3.15904116471408,17.1590411647141,5
"651",66,1,0,"pre",2.89963147659514,3.89963147659514,5
"652",66,2,0,"pre",3.29472239763185,5.29472239763185,5
"653",66,3,0,"pre",3.06460678768163,6.06460678768163,5
"654",66,4,0,"pre",3.46543440076278,7.46543440076278,5
"655",66,5,0,"pre",2.62975388674941,7.62975388674941,5
"656",66,6,0,"post",2.97499994749398,8.97499994749398,5
"657",66,7,0,"post",2.89896064863499,9.89896064863499,5
"658",66,8,0,"post",2.91775364800282,10.9177536480028,5
"659",66,9,0,"post",3.25318577104134,12.2531857710413,5
"660",66,10,0,"post",2.95320816818569,12.9532081681857,5
"661",67,1,1,"pre",3.07209683836894,5.07209683836894,5
"662",67,2,1,"pre",3.19664705195677,6.19664705195677,5
"663",67,3,1,"pre",2.6306186264526,6.6306186264526,5
"664",67,4,1,"pre",2.42020362581329,7.4202036258133,5
"665",67,5,1,"pre",2.84944901021466,8.84944901021466,5
"666",67,6,1,"post",3.16226461434485,13.1622646143448,5
"667",67,7,1,"post",2.81886539141227,13.8188653914123,5
"668",67,8,1,"post",2.88429391127571,14.8842939112757,5
"669",67,9,1,"post",2.91676020444512,15.9167602044451,5
"670",67,10,1,"post",2.7943626451963,16.7943626451963,5
"671",68,1,1,"pre",3.33636415649609,5.33636415649609,5
"672",68,2,1,"pre",3.31060101720418,6.31060101720418,5
"673",68,3,1,"pre",2.86102591200456,6.86102591200456,5
"674",68,4,1,"pre",2.77397513564926,7.77397513564926,5
"675",68,5,1,"pre",3.10534484938719,9.10534484938719,5
"676",68,6,1,"post",2.99335467628168,12.9933546762817,5
"677",68,7,1,"post",2.65870822049795,13.658708220498,5
"678",68,8,1,"post",2.95914296066715,14.9591429606671,5
"679",68,9,1,"post",2.90171428380482,15.9017142838048,5
"680",68,10,1,"post",3.12560221563023,17.1256022156302,5
"681",69,1,1,"pre",3.20368469226146,5.20368469226146,5
"682",69,2,1,"pre",2.8322448027649,5.8322448027649,5
"683",69,3,1,"pre",2.90909847417557,6.90909847417557,5
"684",69,4,1,"pre",3.35109000789298,8.35109000789298,5
"685",69,5,1,"pre",2.91215351017223,8.91215351017222,5
"686",69,6,1,"post",2.93308964793438,12.9330896479344,5
"687",69,7,1,"post",2.95031904649147,13.9503190464915,5
"688",69,8,1,"post",3.08661576690057,15.0866157669006,5
"689",69,9,1,"post",2.96882738735095,15.9688273873509,5
"690",69,10,1,"post",3.15574030039633,17.1557403003963,5
"691",70,1,0,"pre",2.8236960517591,3.8236960517591,5
"692",70,2,0,"pre",2.85666566139809,4.85666566139809,5
"693",70,3,0,"pre",2.91648193487673,5.91648193487673,5
"694",70,4,0,"pre",2.93617273037244,6.93617273037244,5
"695",70,5,0,"pre",2.66973372155705,7.66973372155705,5
"696",70,6,0,"post",3.10354968373175,9.10354968373175,5
"697",70,7,0,"post",2.98335525007197,9.98335525007197,5
"698",70,8,0,"post",2.6427553483857,10.6427553483857,5
"699",70,9,0,"post",2.8245430594996,11.8245430594996,5
"700",70,10,0,"post",2.52908385346771,12.5290838534677,5
"701",71,1,0,"pre",2.97495083547967,3.97495083547967,5
"702",71,2,0,"pre",3.17808460578907,5.17808460578907,5
"703",71,3,0,"pre",2.81461190791562,5.81461190791562,5
"704",71,4,0,"pre",2.87416280627746,6.87416280627746,5
"705",71,5,0,"pre",2.8397918839919,7.8397918839919,5
"706",71,6,0,"post",3.07922991606708,9.07922991606708,5
"707",71,7,0,"post",2.86236396042892,9.86236396042892,5
"708",71,8,0,"post",3.48725982895352,11.4872598289535,5
"709",71,9,0,"post",2.8478961966982,11.8478961966982,5
"710",71,10,0,"post",3.14594406456478,13.1459440645648,5
"711",72,1,1,"pre",3.15038646509822,5.15038646509822,5
"712",72,2,1,"pre",2.83058059997013,5.83058059997013,5
"713",72,3,1,"pre",2.79822850503788,6.79822850503788,5
"714",72,4,1,"pre",2.77765813264736,7.77765813264736,5
"715",72,5,1,"pre",2.93293068556242,8.93293068556243,5
"716",72,6,1,"post",3.03276611602164,13.0327661160216,5
"717",72,7,1,"post",3.13675039516135,14.1367503951614,5
"718",72,8,1,"post",2.98289309812006,14.9828930981201,5
"719",72,9,1,"post",2.72186289837396,15.721862898374,5
"720",72,10,1,"post",3.14033481541684,17.1403348154168,5
"721",73,1,1,"pre",2.87384078325675,4.87384078325675,5
"722",73,2,1,"pre",3.02238698939833,6.02238698939833,5
"723",73,3,1,"pre",3.36201989175904,7.36201989175904,5
"724",73,4,1,"pre",3.05718660132547,8.05718660132547,5
"725",73,5,1,"pre",3.15382157244629,9.15382157244629,5
"726",73,6,1,"post",3.22309822773712,13.2230982277371,5
"727",73,7,1,"post",2.6587311267473,13.6587311267473,5
"728",73,8,1,"post",2.77133136971292,14.7713313697129,5
"729",73,9,1,"post",2.98192781232961,15.9819278123296,5
"730",73,10,1,"post",3.17061159892753,17.1706115989275,5
"731",74,1,1,"pre",2.89526764800075,4.89526764800075,5
"732",74,2,1,"pre",3.12698327543519,6.12698327543519,5
"733",74,3,1,"pre",2.7983026654391,6.7983026654391,5
"734",74,4,1,"pre",3.10701850326011,8.10701850326011,5
"735",74,5,1,"pre",3.14794489503846,9.14794489503846,5
"736",74,6,1,"post",3.13515505039091,13.1351550503909,5
"737",74,7,1,"post",3.23856290580347,14.2385629058035,5
"738",74,8,1,"post",2.8982627366307,14.8982627366307,5
"739",74,9,1,"post",2.98668413216143,15.9866841321614,5
"740",74,10,1,"post",3.01849771237997,17.01849771238,5
"741",75,1,0,"pre",2.92287966213191,3.92287966213191,5
"742",75,2,0,"pre",3.16650924602051,5.16650924602051,5
"743",75,3,0,"pre",2.97357701167293,5.97357701167293,5
"744",75,4,0,"pre",2.90049174329455,6.90049174329455,5
"745",75,5,0,"pre",2.96237636071044,7.96237636071045,5
"746",75,6,0,"post",2.82957651493472,8.82957651493472,5
"747",75,7,0,"post",3.49668687863145,10.4966868786315,5
"748",75,8,0,"post",2.66144729618737,10.6614472961874,5
"749",75,9,0,"post",2.82474124522131,11.8247412452213,5
"750",75,10,0,"post",2.72847737931362,12.7284773793136,5
"751",76,1,1,"pre",3.04387871153549,5.04387871153549,5
"752",76,2,1,"pre",2.7395073799088,5.7395073799088,5
"753",76,3,1,"pre",2.95651146938496,6.95651146938496,5
"754",76,4,1,"pre",2.77284849901745,7.77284849901745,5
"755",76,5,1,"pre",3.04359691983244,9.04359691983244,5
"756",76,6,1,"post",3.17143997466006,13.1714399746601,5
"757",76,7,1,"post",3.27663600218145,14.2766360021815,5
"758",76,8,1,"post",3.03977528471652,15.0397752847165,5
"759",76,9,1,"post",2.74897349108232,15.7489734910823,5
"760",76,10,1,"post",2.89582399822066,16.8958239982207,5
"761",77,1,1,"pre",2.83442608030671,4.83442608030671,5
"762",77,2,1,"pre",3.05560841697903,6.05560841697903,5
"763",77,3,1,"pre",3.24535808831744,7.24535808831744,5
"764",77,4,1,"pre",3.03393571398266,8.03393571398266,5
"765",77,5,1,"pre",2.89818069766326,8.89818069766326,5
"766",77,6,1,"post",3.04884380553032,13.0488438055303,5
"767",77,7,1,"post",2.95451471516443,13.9545147151644,5
"768",77,8,1,"post",2.97164662371317,14.9716466237132,5
"769",77,9,1,"post",3.17270468128536,16.1727046812854,5
"770",77,10,1,"post",3.35649406130704,17.356494061307,5
"771",78,1,0,"pre",2.95397920746012,3.95397920746012,5
"772",78,2,0,"pre",2.8902620548117,4.8902620548117,5
"773",78,3,0,"pre",3.12619582334358,6.12619582334358,5
"774",78,4,0,"pre",2.95639267522097,6.95639267522098,5
"775",78,5,0,"pre",2.75571106261474,7.75571106261474,5
"776",78,6,0,"post",2.74538990428751,8.74538990428751,5
"777",78,7,0,"post",2.77495475791735,9.77495475791735,5
"778",78,8,0,"post",3.22224925618308,11.2222492561831,5
"779",78,9,0,"post",3.05412573037595,12.0541257303759,5
"780",78,10,0,"post",2.97163487887611,12.9716348788761,5
"781",79,1,1,"pre",3.20194199021752,5.20194199021752,5
"782",79,2,1,"pre",2.98704405796288,5.98704405796288,5
"783",79,3,1,"pre",3.22915420913918,7.22915420913918,5
"784",79,4,1,"pre",2.92501308615323,7.92501308615322,5
"785",79,5,1,"pre",2.96489613683169,8.96489613683169,5
"786",79,6,1,"post",3.33570509771133,13.3357050977113,5
"787",79,7,1,"post",2.68442864994906,13.6844286499491,5
"788",79,8,1,"post",3.06765138981437,15.0676513898144,5
"789",79,9,1,"post",2.98732295432708,15.9873229543271,5
"790",79,10,1,"post",3.03773260472655,17.0377326047265,5
"791",80,1,0,"pre",3.15072054811799,4.15072054811799,5
"792",80,2,0,"pre",3.15022279088575,5.15022279088575,5
"793",80,3,0,"pre",3.01417467472746,6.01417467472746,5
"794",80,4,0,"pre",3.25368845448792,7.25368845448792,5
"795",80,5,0,"pre",2.89698458936985,7.89698458936985,5
"796",80,6,0,"post",3.0538099306825,9.0538099306825,5
"797",80,7,0,"post",2.90766237773441,9.90766237773441,5
"798",80,8,0,"post",2.70331007319459,10.7033100731946,5
"799",80,9,0,"post",3.00364788456221,12.0036478845622,5
"800",80,10,0,"post",3.13676657147122,13.1367665714712,5
"801",81,1,1,"pre",3.0030297515032,5.0030297515032,5
"802",81,2,1,"pre",2.75658340499688,5.75658340499688,5
"803",81,3,1,"pre",2.9227097924189,6.9227097924189,5
"804",81,4,1,"pre",3.02352229772255,8.02352229772255,5
"805",81,5,1,"pre",3.18367579146519,9.18367579146519,5
"806",81,6,1,"post",2.75389215696643,12.7538921569664,5
"807",81,7,1,"post",3.32118757691988,14.3211875769199,5
"808",81,8,1,"post",2.73915228265169,14.7391522826517,5
"809",81,9,1,"post",2.87460188993215,15.8746018899321,5
"810",81,10,1,"post",2.96734358201244,16.9673435820124,5
"811",82,1,0,"pre",3.10240418716683,4.10240418716683,5
"812",82,2,0,"pre",3.02426369486813,5.02426369486813,5
"813",82,3,0,"pre",2.49973030567303,5.49973030567303,5
"814",82,4,0,"pre",3.11329068659756,7.11329068659756,5
"815",82,5,0,"pre",2.9661656685225,7.9661656685225,5
"816",82,6,0,"post",2.94035490575933,8.94035490575933,5
"817",82,7,0,"post",3.05259616700706,10.0525961670071,5
"818",82,8,0,"post",3.35714490311572,11.3571449031157,5
"819",82,9,0,"post",3.15755831860231,12.1575583186023,5
"820",82,10,0,"post",2.9478294388247,12.9478294388247,5
"821",83,1,1,"pre",2.9653790520812,4.9653790520812,5
"822",83,2,1,"pre",2.99830778860459,5.99830778860459,5
"823",83,3,1,"pre",2.75542049480247,6.75542049480247,5
"824",83,4,1,"pre",3.022880478743,8.022880478743,5
"825",83,5,1,"pre",2.88329104885461,8.88329104885461,5
"826",83,6,1,"post",2.93871609730453,12.9387160973045,5
"827",83,7,1,"post",3.09971571916886,14.0997157191689,5
"828",83,8,1,"post",3.01982954739314,15.0198295473931,5
"829",83,9,1,"post",2.90758510420242,15.9075851042024,5
"830",83,10,1,"post",3.13742415786034,17.1374241578603,5
"831",84,1,1,"pre",3.09740657295625,5.09740657295625,5
"832",84,2,1,"pre",3.07526502475945,6.07526502475945,5
"833",84,3,1,"pre",3.2251577654454,7.2251577654454,5
"834",84,4,1,"pre",2.90172644677055,7.90172644677055,5
"835",84,5,1,"pre",2.69891979691748,8.69891979691748,5
"836",84,6,1,"post",3.11178270837999,13.11178270838,5
"837",84,7,1,"post",3.29335300734893,14.2933530073489,5
"838",84,8,1,"post",3.09577252388704,15.095772523887,5
"839",84,9,1,"post",2.9408595672069,15.9408595672069,5
"840",84,10,1,"post",3.18615288216004,17.18615288216,5
"841",85,1,0,"pre",2.73684815129975,3.73684815129975,5
"842",85,2,0,"pre",3.1546023467095,5.1546023467095,5
"843",85,3,0,"pre",3.09091484613089,6.09091484613089,5
"844",85,4,0,"pre",2.90448017658552,6.90448017658552,5
"845",85,5,0,"pre",3.0621175112407,8.0621175112407,5
"846",85,6,0,"post",2.93122101433338,8.93122101433338,5
"847",85,7,0,"post",3.25469985522146,10.2546998552215,5
"848",85,8,0,"post",3.14152352989428,11.1415235298943,5
"849",85,9,0,"post",3.0737784185375,12.0737784185375,5
"850",85,10,0,"post",3.52398440312048,13.5239844031205,5
"851",86,1,0,"pre",3.15519840795776,4.15519840795776,5
"852",86,2,0,"pre",2.95219808185884,4.95219808185884,5
"853",86,3,0,"pre",3.00693901134228,6.00693901134228,5
"854",86,4,0,"pre",3.09842174144896,7.09842174144896,5
"855",86,5,0,"pre",2.99357048379592,7.99357048379592,5
"856",86,6,0,"post",2.79789498077753,8.79789498077754,5
"857",86,7,0,"post",3.1715230752453,10.1715230752453,5
"858",86,8,0,"post",3.07885123176898,11.078851231769,5
"859",86,9,0,"post",3.07627649118474,12.0762764911847,5
"860",86,10,0,"post",2.98736045272197,12.987360452722,5
"861",87,1,0,"pre",2.71740395586918,3.71740395586918,5
"862",87,2,0,"pre",2.89824834727855,4.89824834727855,5
"863",87,3,0,"pre",2.86097833066222,5.86097833066222,5
"864",87,4,0,"pre",3.24637610427057,7.24637610427057,5
"865",87,5,0,"pre",3.13590737615437,8.13590737615437,5
"866",87,6,0,"post",3.4234823309917,9.4234823309917,5
"867",87,7,0,"post",3.04842689986217,10.0484268998622,5
"868",87,8,0,"post",2.9029035894064,10.9029035894064,5
"869",87,9,0,"post",3.08704252030259,12.0870425203026,5
"870",87,10,0,"post",3.1423805751306,13.1423805751306,5
"871",88,1,1,"pre",2.95238224278125,4.95238224278125,5
"872",88,2,1,"pre",2.99845421674585,5.99845421674585,5
"873",88,3,1,"pre",2.85476793719672,6.85476793719672,5
"874",88,4,1,"pre",2.87480665173438,7.87480665173438,5
"875",88,5,1,"pre",2.71418295377929,8.71418295377929,5
"876",88,6,1,"post",2.89298107581781,12.8929810758178,5
"877",88,7,1,"post",2.87675070208135,13.8767507020814,5
"878",88,8,1,"post",2.84985363498272,14.8498536349827,5
"879",88,9,1,"post",3.12935926423885,16.1293592642388,5
"880",88,10,1,"post",2.7886574904314,16.7886574904314,5
"881",89,1,1,"pre",3.30289977633589,5.30289977633589,5
"882",89,2,1,"pre",2.99426715723271,5.99426715723271,5
"883",89,3,1,"pre",2.7644913311723,6.7644913311723,5
"884",89,4,1,"pre",2.87128489606058,7.87128489606058,5
"885",89,5,1,"pre",3.28198613708821,9.28198613708821,5
"886",89,6,1,"post",3.07714755845258,13.0771475584526,5
"887",89,7,1,"post",3.08326043597224,14.0832604359722,5
"888",89,8,1,"post",2.69087947103252,14.6908794710325,5
"889",89,9,1,"post",2.9924452420692,15.9924452420692,5
"890",89,10,1,"post",3.59269840181754,17.5926984018175,5
"891",90,1,0,"pre",2.96876119285482,3.96876119285482,5
"892",90,2,0,"pre",2.78116769368102,4.78116769368102,5
"893",90,3,0,"pre",3.04275895343737,6.04275895343737,5
"894",90,4,0,"pre",3.05014501231359,7.05014501231359,5
"895",90,5,0,"pre",2.83806257214139,7.83806257214139,5
"896",90,6,0,"post",3.04939121637492,9.04939121637492,5
"897",90,7,0,"post",2.93386460827008,9.93386460827008,5
"898",90,8,0,"post",3.37212539760049,11.3721253976005,5
"899",90,9,0,"post",2.74153902090969,11.7415390209097,5
"900",90,10,0,"post",3.06829258750361,13.0682925875036,5
"901",91,1,1,"pre",2.78188418928337,4.78188418928337,5
"902",91,2,1,"pre",2.74616426065229,5.74616426065229,5
"903",91,3,1,"pre",2.84273268375354,6.84273268375354,5
"904",91,4,1,"pre",2.86214854279307,7.86214854279307,5
"905",91,5,1,"pre",3.12624899371774,9.12624899371774,5
"906",91,6,1,"post",2.61317128351071,12.6131712835107,5
"907",91,7,1,"post",2.93652295416544,13.9365229541654,5
"908",91,8,1,"post",3.03205210035459,15.0320521003546,5
"909",91,9,1,"post",2.7832852479394,15.7832852479394,5
"910",91,10,1,"post",2.84757184053183,16.8475718405318,5
"911",92,1,0,"pre",2.91873169709893,3.91873169709893,5
"912",92,2,0,"pre",2.92950831849548,4.92950831849548,5
"913",92,3,0,"pre",2.83001644153164,5.83001644153164,5
"914",92,4,0,"pre",3.20474408023402,7.20474408023402,5
"915",92,5,0,"pre",2.75821692092139,7.75821692092139,5
"916",92,6,0,"post",3.01226860298807,9.01226860298807,5
"917",92,7,0,"post",3.17364637663365,10.1736463766337,5
"918",92,8,0,"post",3.15598605565324,11.1559860556532,5
"919",92,9,0,"post",3.07725489279646,12.0772548927965,5
"920",92,10,0,"post",3.18289000998931,13.1828900099893,5
"921",93,1,1,"pre",2.76135826569531,4.76135826569531,5
"922",93,2,1,"pre",2.87708608963567,5.87708608963567,5
"923",93,3,1,"pre",3.02634451564093,7.02634451564093,5
"924",93,4,1,"pre",2.89475420551507,7.89475420551507,5
"925",93,5,1,"pre",3.20828057697254,9.20828057697254,5
"926",93,6,1,"post",3.02763630775082,13.0276363077508,5
"927",93,7,1,"post",3.41661030916379,14.4166103091638,5
"928",93,8,1,"post",3.15402660589758,15.1540266058976,5
"929",93,9,1,"post",2.78040948904118,15.7804094890412,5
"930",93,10,1,"post",3.17621586388077,17.1762158638808,5
"931",94,1,0,"pre",2.97165158376335,3.97165158376335,5
"932",94,2,0,"pre",2.6247096104059,4.6247096104059,5
"933",94,3,0,"pre",2.97361443893028,5.97361443893028,5
"934",94,4,0,"pre",2.99902828334486,6.99902828334486,5
"935",94,5,0,"pre",3.01494909802913,8.01494909802913,5
"936",94,6,0,"post",3.4578209156784,9.4578209156784,5
"937",94,7,0,"post",2.96792621955265,9.96792621955265,5
"938",94,8,0,"post",2.94485053834349,10.9448505383435,5
"939",94,9,0,"post",2.80000653167427,11.8000065316743,5
"940",94,10,0,"post",2.69017169259102,12.690171692591,5
"941",95,1,1,"pre",2.9002507368914,4.9002507368914,5
"942",95,2,1,"pre",3.00804231608703,6.00804231608703,5
"943",95,3,1,"pre",2.75850885352881,6.75850885352881,5
"944",95,4,1,"pre",3.14587192285713,8.14587192285713,5
"945",95,5,1,"pre",2.98103701961218,8.98103701961218,5
"946",95,6,1,"post",2.94882434154567,12.9488243415457,5
"947",95,7,1,"post",2.8506911602153,13.8506911602153,5
"948",95,8,1,"post",2.88856338893896,14.888563388939,5
"949",95,9,1,"post",2.9614606995612,15.9614606995612,5
"950",95,10,1,"post",2.52477775200943,16.5247777520094,5
"951",96,1,0,"pre",3.18172258491534,4.18172258491534,5
"952",96,2,0,"pre",3.09889029184552,5.09889029184552,5
"953",96,3,0,"pre",2.64157698900943,5.64157698900943,5
"954",96,4,0,"pre",2.8261463164773,6.8261463164773,5
"955",96,5,0,"pre",2.84480631847541,7.84480631847541,5
"956",96,6,0,"post",2.9698125179356,8.9698125179356,5
"957",96,7,0,"post",2.7712867835467,9.7712867835467,5
"958",96,8,0,"post",3.36943463384367,11.3694346338437,5
"959",96,9,0,"post",3.0387298189519,12.0387298189519,5
"960",96,10,0,"post",2.93198998809726,12.9319899880973,5
"961",97,1,0,"pre",3.40720006010366,4.40720006010366,5
"962",97,2,0,"pre",2.71482261840804,4.71482261840804,5
"963",97,3,0,"pre",3.02552399186897,6.02552399186897,5
"964",97,4,0,"pre",3.40417828414501,7.40417828414501,5
"965",97,5,0,"pre",2.57867037659226,7.57867037659226,5
"966",97,6,0,"post",3.24095602159021,9.24095602159021,5
"967",97,7,0,"post",3.49129563729426,10.4912956372943,5
"968",97,8,0,"post",3.23979613775034,11.2397961377503,5
"969",97,9,0,"post",3.07412415714671,12.0741241571467,5
"970",97,10,0,"post",3.18626978957642,13.1862697895764,5
"971",98,1,1,"pre",2.66346106493353,4.66346106493353,5
"972",98,2,1,"pre",2.91037461840235,5.91037461840235,5
"973",98,3,1,"pre",3.0544676677091,7.0544676677091,5
"974",98,4,1,"pre",2.67536760879518,7.67536760879518,5
"975",98,5,1,"pre",3.08772009645349,9.08772009645349,5
"976",98,6,1,"post",2.90225320557113,12.9022532055711,5
"977",98,7,1,"post",3.23539317466679,14.2353931746668,5
"978",98,8,1,"post",3.02191251480535,15.0219125148054,5
"979",98,9,1,"post",3.10794218333297,16.107942183333,5
"980",98,10,1,"post",3.19066023694742,17.1906602369474,5
"981",99,1,0,"pre",2.98610676365122,3.98610676365122,5
"982",99,2,0,"pre",2.95518733080823,4.95518733080823,5
"983",99,3,0,"pre",2.78149239367624,5.78149239367624,5
"984",99,4,0,"pre",2.87687697461974,6.87687697461974,5
"985",99,5,0,"pre",3.12135650543445,8.12135650543445,5
"986",99,6,0,"post",3.05965625167618,9.05965625167618,5
"987",99,7,0,"post",3.26020986780481,10.2602098678048,5
"988",99,8,0,"post",2.84261532923598,10.842615329236,5
"989",99,9,0,"post",3.42450384978478,12.4245038497848,5
"990",99,10,0,"post",3.03955447659803,13.039554476598,5
"991",100,1,0,"pre",3.04070831892475,4.04070831892475,5
"992",100,2,0,"pre",2.99135147992362,4.99135147992362,5
"993",100,3,0,"pre",2.98886765059198,5.98886765059198,5
"994",100,4,0,"pre",2.80822331074239,6.8082233107424,5
"995",100,5,0,"pre",2.62565669334631,7.62565669334631,5
"996",100,6,0,"post",3.01849455040004,9.01849455040004,5
"997",100,7,0,"post",2.93781122802023,9.93781122802023,5
"998",100,8,0,"post",3.01929810152809,11.0192981015281,5
"999",100,9,0,"post",3.04120639785707,12.0412063978571,5
"1000",100,10,0,"post",3.15453442474405,13.154534424744,5
